,sample.equivalent,sample.unsure
sum,29.0,63.0
mean,0.17575757575757575,0.38181818181818183
count,165.0,165.0
